MUTS_PAM	STRAND	MOST_SEVERE	START	MUTS_PAM_SAMPLES	REF	MUTS_CS	ALT	AA_CHANGE	CHR	MUTS_CS_SAMPLES	PROTEIN_POS	GENE	TRANSCRIPT
2	+	missense_variant	3119330	2	G	2	A	R/Q	17	2	139	ENSG00000172146	ENST00000304094
2	+	missense_variant	3119138	2	C	2	T	S/L	17	2	75	ENSG00000172146	ENST00000304094
0	+	synonymous_variant	3119772	0	C	2	T	-	17	2	286	ENSG00000172146	ENST00000304094
1	+	missense_variant	3119791	1	C	1	T	R/W	17	1	293	ENSG00000172146	ENST00000304094
1	+	missense_variant	3119799	1	G	1	A	M/I	17	1	295	ENSG00000172146	ENST00000304094
0	+	synonymous_variant	3119805	0	T	1	C	-	17	1	297	ENSG00000172146	ENST00000304094
0	+	synonymous_variant	3119823	0	C	1	T	-	17	1	303	ENSG00000172146	ENST00000304094
1	+	missense_variant	3119786	1	G	1	A	R/K	17	1	291	ENSG00000172146	ENST00000304094
1	+	missense_variant	3119744	1	C	1	G	T/R	17	1	277	ENSG00000172146	ENST00000304094
0	+	synonymous_variant	3119691	0	C	1	T	-	17	1	259	ENSG00000172146	ENST00000304094
0	+	synonymous_variant	3119589	0	C	1	T	-	17	1	225	ENSG00000172146	ENST00000304094
1	+	missense_variant	3119408	1	G	1	A	S/N	17	1	165	ENSG00000172146	ENST00000304094
1	+	missense_variant	3119431	1	G	1	A	E/K	17	1	173	ENSG00000172146	ENST00000304094
1	+	missense_variant	3119462	1	C	1	T	P/L	17	1	183	ENSG00000172146	ENST00000304094
1	+	stop_gained	3119514	1	C	1	G	-	17	1	200	ENSG00000172146	ENST00000304094
1	+	missense_variant	3119530	1	T	1	G	F/V	17	1	206	ENSG00000172146	ENST00000304094
1	+	missense_variant	3119581	1	A	1	G	T/A	17	1	223	ENSG00000172146	ENST00000304094
1	+	stop_gained	3119590	1	C	1	T	-	17	1	226	ENSG00000172146	ENST00000304094
1	+	missense_variant	3119679	1	G	1	T	M/I	17	1	255	ENSG00000172146	ENST00000304094
0	+	synonymous_variant	3119592	0	G	1	A	-	17	1	226	ENSG00000172146	ENST00000304094
1	+	missense_variant	3119596	1	C	1	T	P/S	17	1	228	ENSG00000172146	ENST00000304094
0	+	synonymous_variant	3119610	0	C	1	T	-	17	1	232	ENSG00000172146	ENST00000304094
1	+	missense_variant	3119627	1	C	1	T	S/F	17	1	238	ENSG00000172146	ENST00000304094
0	+	synonymous_variant	3119640	0	C	1	A	-	17	1	242	ENSG00000172146	ENST00000304094
1	+	missense_variant	3119672	1	C	1	T	T/I	17	1	253	ENSG00000172146	ENST00000304094
1	+	missense_variant	3119395	1	C	1	A	L/M	17	1	161	ENSG00000172146	ENST00000304094
0	+	synonymous_variant	3119403	0	A	1	G	-	17	1	163	ENSG00000172146	ENST00000304094
1	+	missense_variant	3119386	1	C	1	T	P/S	17	1	158	ENSG00000172146	ENST00000304094
0	+	synonymous_variant	3119289	0	C	1	A	-	17	1	125	ENSG00000172146	ENST00000304094
1	+	stop_gained	3118972	1	C	1	T	-	17	1	20	ENSG00000172146	ENST00000304094
1	+	missense_variant	3118978	1	G	1	A	E/K	17	1	22	ENSG00000172146	ENST00000304094
1	+	missense_variant	3118986	1	A	1	C	E/D	17	1	24	ENSG00000172146	ENST00000304094
1	+	missense_variant	3119002	1	C	1	T	L/F	17	1	30	ENSG00000172146	ENST00000304094
0	+	synonymous_variant	3119029	0	T	1	C	-	17	1	39	ENSG00000172146	ENST00000304094
1	+	missense_variant	3119074	1	C	1	T	R/C	17	1	54	ENSG00000172146	ENST00000304094
1	+	missense_variant	3119075	1	G	1	A	R/H	17	1	54	ENSG00000172146	ENST00000304094
0	+	synonymous_variant	3119076	0	C	1	T	-	17	1	54	ENSG00000172146	ENST00000304094
0	+	synonymous_variant	3119115	0	C	1	T	-	17	1	67	ENSG00000172146	ENST00000304094
0	+	synonymous_variant	3119139	0	G	1	A	-	17	1	75	ENSG00000172146	ENST00000304094
0	+	synonymous_variant	3119187	0	C	1	T	-	17	1	91	ENSG00000172146	ENST00000304094
1	+	missense_variant	3119210	1	C	1	T	T/M	17	1	99	ENSG00000172146	ENST00000304094
1	+	missense_variant	3119217	1	G	1	A	M/I	17	1	101	ENSG00000172146	ENST00000304094
1	+	missense_variant	3119264	1	C	1	T	A/V	17	1	117	ENSG00000172146	ENST00000304094
1	+	missense_variant	3119269	1	G	1	A	A/T	17	1	119	ENSG00000172146	ENST00000304094
1	+	missense_variant	3118961	1	G	1	A	G/E	17	1	16	ENSG00000172146	ENST00000304094
0	+	synonymous_variant	3118956	0	C	1	A	-	17	1	14	ENSG00000172146	ENST00000304094
0	+	synonymous_variant	3118944	0	G	1	A	-	17	1	10	ENSG00000172146	ENST00000304094
1	+	missense_variant	3118928	1	A	1	C	N/T	17	1	5	ENSG00000172146	ENST00000304094
